{
	"info": {
		"_postman_id": "d03e5112-ae94-40b0-a64d-0a803f43c65a",
		"name": "Voting API",
		"schema": "https://schema.getpostman.com/json/collection/v2.1.0/collection.json",
		"_exporter_id": "33006508"
	},
	"item": [
		{
			"name": "User",
			"item": [
				{
					"name": "Register User",
					"request": {
						"method": "POST",
						"header": [],
						"body": {
							"mode": "raw",
							"raw": "{\r\n    \"email\":\"test@test.com\",\r\n    \"password\":\"test12345678\"\r\n}",
							"options": {
								"raw": {
									"language": "json"
								}
							}
						},
						"url": {
							"raw": "http://localhost:3000/users/register",
							"protocol": "http",
							"host": [
								"localhost"
							],
							"port": "3000",
							"path": [
								"users",
								"register"
							]
						}
					},
					"response": []
				},
				{
					"name": "Login User",
					"request": {
						"method": "POST",
						"header": [],
						"body": {
							"mode": "raw",
							"raw": "{\r\n    \"email\":\"test@test.com\",\r\n    \"password\":\"test12345678\"\r\n}",
							"options": {
								"raw": {
									"language": "json"
								}
							}
						},
						"url": {
							"raw": "http://localhost:3000/users/login",
							"protocol": "http",
							"host": [
								"localhost"
							],
							"port": "3000",
							"path": [
								"users",
								"login"
							]
						}
					},
					"response": []
				},
				{
					"name": "Logout User",
					"request": {
						"method": "GET",
						"header": [],
						"url": {
							"raw": "http://localhost:3000/users/logout",
							"protocol": "http",
							"host": [
								"localhost"
							],
							"port": "3000",
							"path": [
								"users",
								"logout"
							]
						}
					},
					"response": []
				}
			]
		},
		{
			"name": "Poll",
			"item": [
				{
					"name": "Create Poll",
					"request": {
						"method": "POST",
						"header": [],
						"body": {
							"mode": "raw",
							"raw": "{\r\n    \"pollName\":\" newtestPoll\",\r\n    \"pollChoices\":[\r\n        \"node.js test\",\r\n        \"golang test\",\r\n        \"python test\"\r\n    ]\r\n}",
							"options": {
								"raw": {
									"language": "json"
								}
							}
						},
						"url": {
							"raw": "http://localhost:3000/poll/createpoll",
							"protocol": "http",
							"host": [
								"localhost"
							],
							"port": "3000",
							"path": [
								"poll",
								"createpoll"
							]
						}
					},
					"response": []
				},
				{
					"name": "Get Poll",
					"request": {
						"method": "GET",
						"header": [],
						"url": {
							"raw": "http://localhost:3000/poll/getpoll",
							"protocol": "http",
							"host": [
								"localhost"
							],
							"port": "3000",
							"path": [
								"poll",
								"getpoll"
							]
						}
					},
					"response": []
				},
				{
					"name": "Update Poll",
					"request": {
						"method": "PUT",
						"header": [],
						"body": {
							"mode": "raw",
							"raw": "{\r\n    \"pollName\":\"changed\",\r\n    \"pollChoices\":[\r\n        \"node.js changed\",\r\n        \"golang changed\",\r\n        \"python changed\"\r\n    ]\r\n}",
							"options": {
								"raw": {
									"language": "json"
								}
							}
						},
						"url": {
							"raw": "http://localhost:3000/poll/updatepoll?name=testPoll",
							"protocol": "http",
							"host": [
								"localhost"
							],
							"port": "3000",
							"path": [
								"poll",
								"updatepoll"
							],
							"query": [
								{
									"key": "name",
									"value": "testPoll"
								}
							]
						}
					},
					"response": []
				},
				{
					"name": "Delete Poll",
					"request": {
						"method": "DELETE",
						"header": [],
						"url": {
							"raw": "http://localhost:3000/poll/deletePoll?name=testPoll",
							"protocol": "http",
							"host": [
								"localhost"
							],
							"port": "3000",
							"path": [
								"poll",
								"deletePoll"
							],
							"query": [
								{
									"key": "name",
									"value": "testPoll"
								}
							]
						}
					},
					"response": []
				}
			]
		},
		{
			"name": "Vote",
			"item": [
				{
					"name": "Vote Choices",
					"request": {
						"method": "POST",
						"header": [],
						"body": {
							"mode": "raw",
							"raw": "{\r\n  \"pollId\": 1,\r\n  \"choice\": \"golang\"\r\n}\r\n",
							"options": {
								"raw": {
									"language": "json"
								}
							}
						},
						"url": {
							"raw": "http://localhost:3000/vote/",
							"protocol": "http",
							"host": [
								"localhost"
							],
							"port": "3000",
							"path": [
								"vote",
								""
							]
						}
					},
					"response": []
				},
				{
					"name": "Get Result",
					"request": {
						"method": "GET",
						"header": [],
						"url": {
							"raw": "http://localhost:3000/result/?search=1",
							"protocol": "http",
							"host": [
								"localhost"
							],
							"port": "3000",
							"path": [
								"result",
								""
							],
							"query": [
								{
									"key": "search",
									"value": "1"
								}
							]
						}
					},
					"response": []
				}
			]
		},
		{
			"name": "Pagination",
			"item": [
				{
					"name": "Pagination",
					"request": {
						"method": "GET",
						"header": [],
						"url": {
							"raw": "http://127.0.0.1:3000/poll/getpoll/?page=1",
							"protocol": "http",
							"host": [
								"127",
								"0",
								"0",
								"1"
							],
							"port": "3000",
							"path": [
								"poll",
								"getpoll",
								""
							],
							"query": [
								{
									"key": "page",
									"value": "1"
								}
							]
						}
					},
					"response": []
				},
				{
					"name": "Searching",
					"request": {
						"method": "GET",
						"header": [],
						"url": {
							"raw": "http://127.0.0.1:3000/poll/getpoll/?search=testPoll",
							"protocol": "http",
							"host": [
								"127",
								"0",
								"0",
								"1"
							],
							"port": "3000",
							"path": [
								"poll",
								"getpoll",
								""
							],
							"query": [
								{
									"key": "search",
									"value": "testPoll"
								}
							]
						}
					},
					"response": []
				},
				{
					"name": "Sorting",
					"event": [
						{
							"listen": "test",
							"script": {
								"exec": [
									""
								],
								"type": "text/javascript",
								"packages": {}
							}
						}
					],
					"request": {
						"method": "GET",
						"header": [],
						"url": {
							"raw": "http://127.0.0.1:3000/poll/getpoll/?page=1&limit=10&sortBy=id&sortOrder=ASC",
							"protocol": "http",
							"host": [
								"127",
								"0",
								"0",
								"1"
							],
							"port": "3000",
							"path": [
								"poll",
								"getpoll",
								""
							],
							"query": [
								{
									"key": "page",
									"value": "1"
								},
								{
									"key": "limit",
									"value": "10"
								},
								{
									"key": "sortBy",
									"value": "id"
								},
								{
									"key": "sortOrder",
									"value": "ASC"
								}
							]
						}
					},
					"response": []
				}
			]
		}
	]
}